#arg= G,A,G,A,.,RD,.,YN|RC
#regexps= [-]*[G][-]*,[-]*[A][-]*,[-]*[G][-]*,[-]*[A][-]*,,[-]*[AGR][-]*[-]*[AGTRDWK][-]*,,[-]*[CTY][-]*[-]*[ACGTRYBDHVNWSKM][-]*|[-]*[AGR][-]*[-]*[C][-]*
seq_num,seq_name,control,potential_mut_site,mut_match
1,Seq2,0,28,0
1,Seq2,0,31,0
1,Seq2,0,34,0
1,Seq2,0,36,0
1,Seq2,0,47,0
1,Seq2,0,52,0
1,Seq2,0,63,0
1,Seq2,0,93,0
1,Seq2,0,97,0
1,Seq2,0,112,0
1,Seq2,0,140,0
1,Seq2,0,157,0
1,Seq2,0,163,0
1,Seq2,0,164,0
1,Seq2,0,165,0
1,Seq2,0,167,0
1,Seq2,0,184,0
1,Seq2,0,185,0
1,Seq2,0,187,0
1,Seq2,0,196,0
1,Seq2,0,197,0
1,Seq2,0,199,0
1,Seq2,0,231,0
1,Seq2,0,235,0
1,Seq2,0,239,0
1,Seq2,0,240,0
1,Seq2,0,258,0
1,Seq2,0,290,0
1,Seq2,0,308,0
1,Seq2,0,316,0
1,Seq2,0,317,0
1,Seq2,0,319,0
1,Seq2,0,320,0
1,Seq2,0,321,0
1,Seq2,0,328,0
1,Seq2,0,355,0
1,Seq2,0,356,0
1,Seq2,0,358,0
1,Seq2,0,359,0
1,Seq2,0,360,0
1,Seq2,0,361,0
1,Seq2,0,404,0
1,Seq2,0,405,0
1,Seq2,0,422,0
1,Seq2,0,423,0
1,Seq2,0,433,0
1,Seq2,0,436,0
1,Seq2,0,437,0
1,Seq2,0,451,0
1,Seq2,0,454,0
1,Seq2,0,455,0
1,Seq2,0,476,0
1,Seq2,0,504,0
1,Seq2,0,505,0
1,Seq2,0,511,0
1,Seq2,0,512,0
1,Seq2,0,539,0
1,Seq2,0,541,0
1,Seq2,0,551,0
1,Seq2,0,571,0
1,Seq2,0,587,0
1,Seq2,0,589,0
1,Seq2,0,592,0
1,Seq2,0,595,0
1,Seq2,0,607,0
1,Seq2,0,608,0
1,Seq2,0,613,0
1,Seq2,0,616,0
1,Seq2,0,628,0
1,Seq2,0,629,0
1,Seq2,0,634,0
1,Seq2,1,6,0
1,Seq2,1,9,0
1,Seq2,1,16,0
1,Seq2,1,17,0
1,Seq2,1,20,0
1,Seq2,1,25,0
1,Seq2,1,37,0
1,Seq2,1,40,0
1,Seq2,1,70,0
1,Seq2,1,85,0
1,Seq2,1,90,0
1,Seq2,1,103,0
1,Seq2,1,116,0
1,Seq2,1,122,0
1,Seq2,1,146,0
1,Seq2,1,158,0
1,Seq2,1,169,0
1,Seq2,1,206,0
1,Seq2,1,211,0
1,Seq2,1,218,0
1,Seq2,1,227,0
1,Seq2,1,247,0
1,Seq2,1,262,0
1,Seq2,1,275,0
1,Seq2,1,298,0
1,Seq2,1,322,0
1,Seq2,1,334,0
1,Seq2,1,339,0
1,Seq2,1,344,0
1,Seq2,1,353,0
1,Seq2,1,374,0
1,Seq2,1,390,0
1,Seq2,1,398,0
1,Seq2,1,409,0
1,Seq2,1,416,0
1,Seq2,1,427,0
1,Seq2,1,438,0
1,Seq2,1,473,0
1,Seq2,1,498,0
1,Seq2,1,500,0
1,Seq2,1,501,0
1,Seq2,1,508,0
1,Seq2,1,517,0
1,Seq2,1,522,0
1,Seq2,1,526,0
1,Seq2,1,542,0
1,Seq2,1,554,0
1,Seq2,1,572,0
1,Seq2,1,573,0
1,Seq2,1,593,0
1,Seq2,1,596,0
1,Seq2,1,609,0
1,Seq2,1,617,0
1,Seq2,1,630,0
2,Seq5,0,28,0
2,Seq5,0,31,0
2,Seq5,0,34,0
2,Seq5,0,36,0
2,Seq5,0,47,0
2,Seq5,0,52,0
2,Seq5,0,63,0
2,Seq5,0,93,0
2,Seq5,0,97,0
2,Seq5,0,112,0
2,Seq5,0,140,0
2,Seq5,0,157,0
2,Seq5,0,163,0
2,Seq5,0,164,0
2,Seq5,0,165,0
2,Seq5,0,167,0
2,Seq5,0,184,0
2,Seq5,0,185,0
2,Seq5,0,187,0
2,Seq5,0,196,0
2,Seq5,0,197,0
2,Seq5,0,199,1
2,Seq5,0,231,0
2,Seq5,0,235,0
2,Seq5,0,239,0
2,Seq5,0,240,0
2,Seq5,0,258,0
2,Seq5,0,290,1
2,Seq5,0,316,0
2,Seq5,0,317,0
2,Seq5,0,319,0
2,Seq5,0,320,0
2,Seq5,0,321,0
2,Seq5,0,328,0
2,Seq5,0,355,0
2,Seq5,0,356,0
2,Seq5,0,358,0
2,Seq5,0,359,0
2,Seq5,0,360,0
2,Seq5,0,361,0
2,Seq5,0,422,0
2,Seq5,0,423,0
2,Seq5,0,427,0
2,Seq5,0,433,0
2,Seq5,0,436,0
2,Seq5,0,437,0
2,Seq5,0,451,0
2,Seq5,0,454,0
2,Seq5,0,455,0
2,Seq5,0,476,0
2,Seq5,0,504,0
2,Seq5,0,505,0
2,Seq5,0,511,0
2,Seq5,0,512,0
2,Seq5,0,539,0
2,Seq5,0,541,0
2,Seq5,0,551,0
2,Seq5,0,571,0
2,Seq5,0,587,0
2,Seq5,0,589,0
2,Seq5,0,592,0
2,Seq5,0,595,0
2,Seq5,0,607,1
2,Seq5,0,608,0
2,Seq5,0,613,0
2,Seq5,0,616,0
2,Seq5,0,628,1
2,Seq5,0,629,0
2,Seq5,0,634,0
2,Seq5,1,6,0
2,Seq5,1,9,0
2,Seq5,1,16,0
2,Seq5,1,17,0
2,Seq5,1,20,0
2,Seq5,1,25,0
2,Seq5,1,37,0
2,Seq5,1,40,0
2,Seq5,1,70,0
2,Seq5,1,85,0
2,Seq5,1,90,0
2,Seq5,1,103,0
2,Seq5,1,116,0
2,Seq5,1,122,0
2,Seq5,1,146,0
2,Seq5,1,158,0
2,Seq5,1,169,0
2,Seq5,1,206,0
2,Seq5,1,211,0
2,Seq5,1,218,0
2,Seq5,1,227,0
2,Seq5,1,247,0
2,Seq5,1,262,0
2,Seq5,1,275,0
2,Seq5,1,298,0
2,Seq5,1,308,1
2,Seq5,1,322,0
2,Seq5,1,334,0
2,Seq5,1,339,0
2,Seq5,1,344,0
2,Seq5,1,353,0
2,Seq5,1,374,0
2,Seq5,1,390,0
2,Seq5,1,416,0
2,Seq5,1,438,0
2,Seq5,1,473,0
2,Seq5,1,498,0
2,Seq5,1,500,0
2,Seq5,1,501,0
2,Seq5,1,508,0
2,Seq5,1,517,0
2,Seq5,1,522,0
2,Seq5,1,526,0
2,Seq5,1,542,0
2,Seq5,1,554,0
2,Seq5,1,572,0
2,Seq5,1,573,0
2,Seq5,1,593,0
2,Seq5,1,596,0
2,Seq5,1,609,0
2,Seq5,1,617,0
2,Seq5,1,630,0
3,Seq7,0,28,0
3,Seq7,0,31,0
3,Seq7,0,34,0
3,Seq7,0,36,1
3,Seq7,0,47,0
3,Seq7,0,52,1
3,Seq7,0,63,0
3,Seq7,0,93,1
3,Seq7,0,97,0
3,Seq7,0,112,1
3,Seq7,0,140,0
3,Seq7,0,157,1
3,Seq7,0,163,0
3,Seq7,0,164,1
3,Seq7,0,165,0
3,Seq7,0,167,0
3,Seq7,0,184,0
3,Seq7,0,185,0
3,Seq7,0,187,0
3,Seq7,0,196,1
3,Seq7,0,197,0
3,Seq7,0,199,0
3,Seq7,0,231,0
3,Seq7,0,235,0
3,Seq7,0,239,1
3,Seq7,0,240,1
3,Seq7,0,258,0
3,Seq7,0,290,0
3,Seq7,0,308,0
3,Seq7,0,316,0
3,Seq7,0,317,0
3,Seq7,0,319,1
3,Seq7,0,320,1
3,Seq7,0,321,0
3,Seq7,0,328,0
3,Seq7,0,355,1
3,Seq7,0,356,0
3,Seq7,0,358,0
3,Seq7,0,359,1
3,Seq7,0,360,1
3,Seq7,0,361,0
3,Seq7,0,404,1
3,Seq7,0,405,1
3,Seq7,0,422,1
3,Seq7,0,423,0
3,Seq7,0,433,0
3,Seq7,0,436,1
3,Seq7,0,437,0
3,Seq7,0,451,0
3,Seq7,0,454,0
3,Seq7,0,455,0
3,Seq7,0,476,0
3,Seq7,0,504,1
3,Seq7,0,505,0
3,Seq7,0,511,1
3,Seq7,0,512,0
3,Seq7,0,539,0
3,Seq7,0,541,0
3,Seq7,0,551,0
3,Seq7,0,571,1
3,Seq7,0,587,0
3,Seq7,0,589,0
3,Seq7,0,592,0
3,Seq7,0,595,1
3,Seq7,0,607,1
3,Seq7,0,608,1
3,Seq7,0,613,0
3,Seq7,0,616,1
3,Seq7,0,628,1
3,Seq7,0,629,0
3,Seq7,0,634,0
3,Seq7,1,6,0
3,Seq7,1,9,0
3,Seq7,1,16,0
3,Seq7,1,17,0
3,Seq7,1,20,0
3,Seq7,1,25,0
3,Seq7,1,37,0
3,Seq7,1,40,0
3,Seq7,1,70,0
3,Seq7,1,85,0
3,Seq7,1,90,0
3,Seq7,1,103,0
3,Seq7,1,116,0
3,Seq7,1,122,0
3,Seq7,1,146,0
3,Seq7,1,158,0
3,Seq7,1,169,0
3,Seq7,1,206,0
3,Seq7,1,211,0
3,Seq7,1,218,0
3,Seq7,1,227,0
3,Seq7,1,247,0
3,Seq7,1,262,0
3,Seq7,1,275,0
3,Seq7,1,298,0
3,Seq7,1,322,0
3,Seq7,1,334,0
3,Seq7,1,339,0
3,Seq7,1,344,0
3,Seq7,1,353,0
3,Seq7,1,374,0
3,Seq7,1,390,0
3,Seq7,1,398,0
3,Seq7,1,409,0
3,Seq7,1,416,0
3,Seq7,1,427,0
3,Seq7,1,438,0
3,Seq7,1,473,0
3,Seq7,1,498,0
3,Seq7,1,500,0
3,Seq7,1,501,0
3,Seq7,1,508,0
3,Seq7,1,517,0
3,Seq7,1,522,0
3,Seq7,1,526,0
3,Seq7,1,542,0
3,Seq7,1,554,0
3,Seq7,1,572,0
3,Seq7,1,573,0
3,Seq7,1,593,0
3,Seq7,1,596,1
3,Seq7,1,609,0
3,Seq7,1,617,0
3,Seq7,1,630,0
4,Seq14,0,28,0
4,Seq14,0,31,0
4,Seq14,0,34,1
4,Seq14,0,36,0
4,Seq14,0,47,1
4,Seq14,0,52,1
4,Seq14,0,63,1
4,Seq14,0,93,1
4,Seq14,0,97,1
4,Seq14,0,112,1
4,Seq14,0,140,1
4,Seq14,0,157,0
4,Seq14,0,163,1
4,Seq14,0,164,0
4,Seq14,0,165,0
4,Seq14,0,167,1
4,Seq14,0,184,0
4,Seq14,0,185,1
4,Seq14,0,187,1
4,Seq14,0,196,0
4,Seq14,0,197,0
4,Seq14,0,199,1
4,Seq14,0,231,1
4,Seq14,0,235,1
4,Seq14,0,239,1
4,Seq14,0,240,1
4,Seq14,0,258,0
4,Seq14,0,290,0
4,Seq14,0,308,1
4,Seq14,0,316,0
4,Seq14,0,317,1
4,Seq14,0,319,1
4,Seq14,0,320,0
4,Seq14,0,321,1
4,Seq14,0,328,0
4,Seq14,0,355,1
4,Seq14,0,356,1
4,Seq14,0,358,0
4,Seq14,0,359,0
4,Seq14,0,360,0
4,Seq14,0,361,0
4,Seq14,0,404,1
4,Seq14,0,405,1
4,Seq14,0,422,1
4,Seq14,0,423,1
4,Seq14,0,433,1
4,Seq14,0,436,1
4,Seq14,0,437,1
4,Seq14,0,451,1
4,Seq14,0,454,1
4,Seq14,0,455,1
4,Seq14,0,476,1
4,Seq14,0,504,1
4,Seq14,0,505,1
4,Seq14,0,511,0
4,Seq14,0,512,1
4,Seq14,0,539,1
4,Seq14,0,541,1
4,Seq14,0,551,1
4,Seq14,0,571,0
4,Seq14,0,587,1
4,Seq14,0,589,1
4,Seq14,0,592,1
4,Seq14,0,595,1
4,Seq14,0,607,0
4,Seq14,0,608,1
4,Seq14,0,613,1
4,Seq14,0,616,1
4,Seq14,0,628,1
4,Seq14,0,629,0
4,Seq14,0,634,0
4,Seq14,1,6,0
4,Seq14,1,9,0
4,Seq14,1,16,0
4,Seq14,1,17,0
4,Seq14,1,20,0
4,Seq14,1,25,0
4,Seq14,1,37,0
4,Seq14,1,40,0
4,Seq14,1,70,0
4,Seq14,1,85,0
4,Seq14,1,90,0
4,Seq14,1,103,0
4,Seq14,1,116,0
4,Seq14,1,122,1
4,Seq14,1,146,0
4,Seq14,1,158,1
4,Seq14,1,169,0
4,Seq14,1,206,1
4,Seq14,1,211,0
4,Seq14,1,218,0
4,Seq14,1,227,0
4,Seq14,1,247,0
4,Seq14,1,262,0
4,Seq14,1,275,1
4,Seq14,1,298,0
4,Seq14,1,322,1
4,Seq14,1,334,0
4,Seq14,1,339,0
4,Seq14,1,344,0
4,Seq14,1,353,0
4,Seq14,1,374,0
4,Seq14,1,390,0
4,Seq14,1,398,0
4,Seq14,1,409,0
4,Seq14,1,416,0
4,Seq14,1,427,0
4,Seq14,1,438,0
4,Seq14,1,473,0
4,Seq14,1,498,0
4,Seq14,1,500,0
4,Seq14,1,501,0
4,Seq14,1,508,0
4,Seq14,1,517,0
4,Seq14,1,522,0
4,Seq14,1,526,1
4,Seq14,1,542,1
4,Seq14,1,554,0
4,Seq14,1,572,0
4,Seq14,1,573,0
4,Seq14,1,593,0
4,Seq14,1,596,0
4,Seq14,1,609,1
4,Seq14,1,617,0
4,Seq14,1,630,1
